{"name":"e89a0d62-3511-4247-b63a-0b221ed36f35","id":"/providers/Microsoft.Flow/flows/e89a0d62-3511-4247-b63a-0b221ed36f35","type":"Microsoft.Flow/flows","properties":{"apiId":"/providers/Microsoft.PowerApps/apis/shared_logicflows","displayName":"SiteProvisioningFlow","definition":{"metadata":{"workflowEntityId":null,"flowclientsuspensionreason":"None","flowclientsuspensiontime":null,"creator":{"id":"696ffc3f-69c1-47ce-b9ca-46165d8f2d52","type":"User","tenantId":"8a5ee357-7de0-4836-ab20-9173b12cdce9"},"provisioningMethod":"FromDefinition","failureAlertSubscription":true,"clientLastModifiedTime":"2020-10-06T23:55:16.9128532Z"},"$schema":"https://schema.management.azure.com/providers/Microsoft.Logic/schemas/2016-06-01/workflowdefinition.json#","contentVersion":"1.0.0.0","parameters":{"$connections":{"defaultValue":{},"type":"Object"},"$authentication":{"defaultValue":{},"type":"SecureObject"}},"triggers":{"manual":{"type":"Request","kind":"Http","inputs":{"schema":{"type":"object","properties":{"webUrl":{"type":"string"},"parameters":{"type":"object","properties":{"event":{"type":"string"},"product":{"type":"string"}}},"webDescription":{"type":"string"},"creatorName":{"type":"string"},"creatorEmail":{"type":"string"},"createdTimeUTC":{"type":"string"}}}}}},"actions":{"InitSettings":{"runAfter":{"InitTenantName":["Succeeded"]},"type":"InitializeVariable","inputs":{"variables":[{"name":"Settings","type":"object","value":{"NewHomePageTitle":"NewHomePage.aspx","NewHomePageRelativeUrl":"@{replace(triggerBody()?['webUrl'],'https://m365x725618.sharepoint.com','')}/SitePages/NewHomePage.aspx","TemplateSiteUrl":"https://@{variables('TenantName')}/sites/News","TemplatePageRelativeUrl":"/sites/News/SitePages/Sample.aspx"}}]}},"InitCanvasContent1":{"runAfter":{"InitSettings":["Succeeded"]},"type":"InitializeVariable","inputs":{"variables":[{"name":"CanvasContent1","type":"string"}]}},"InitTenantName":{"runAfter":{},"type":"InitializeVariable","inputs":{"variables":[{"name":"TenantName","type":"string","value":"@{split(triggerBody()?['webUrl'],'/')[2]}"}]}},"DisableSyncButton":{"actions":{"SendHTTPRequest-GetSensitivityLabel":{"runAfter":{},"metadata":{"flowSystemMetadata":{"swaggerOperationId":"HttpRequest"}},"type":"ApiConnection","inputs":{"host":{"connection":{"name":"@parameters('$connections')['shared_sharepointonline_1']['connectionId']"},"api":{"runtimeUrl":"https://unitedstates-002.azure-apim.net/apim/sharepointonline"}},"method":"post","body":{"method":"GET","uri":"_api/site?$select=*","headers":{"Content-Type":"application/json","Accept":"application/json"}},"path":"/datasets/@{encodeURIComponent(encodeURIComponent(triggerBody()?['webUrl']))}/httprequest","authentication":"@parameters('$authentication')"}},"Condition":{"actions":{"SendHTTPRequest-UpdateExcludeFromOfflineClient":{"runAfter":{},"metadata":{"flowSystemMetadata":{"swaggerOperationId":"HttpRequest"}},"type":"ApiConnection","inputs":{"host":{"connection":{"name":"@parameters('$connections')['shared_sharepointonline_1']['connectionId']"},"api":{"runtimeUrl":"https://unitedstates-002.azure-apim.net/apim/sharepointonline"}},"method":"post","body":{"method":"PATCH","uri":"_api/web","headers":{"Content-Type":"application/json","Accept":"application/json"},"body":"{\n    \"ExcludeFromOfflineClient\":true\n}"},"path":"/datasets/@{encodeURIComponent(encodeURIComponent(triggerBody()?['webUrl']))}/httprequest","authentication":"@parameters('$authentication')"}}},"runAfter":{"SendHTTPRequest-GetSensitivityLabel":["Succeeded"]},"expression":{"equals":["@body('SendHTTPRequest-GetSensitivityLabel')?['Classification']","Highly Confidential"]},"type":"If"}},"runAfter":{"ProvisioningHomePage":["Succeeded"]},"type":"Scope"},"ProvisioningHomePage":{"actions":{"GetCanvasContent1FromTemplate":{"runAfter":{},"metadata":{"flowSystemMetadata":{"swaggerOperationId":"HttpRequest"}},"type":"ApiConnection","inputs":{"host":{"connection":{"name":"@parameters('$connections')['shared_sharepointonline']['connectionId']"},"api":{"runtimeUrl":"https://unitedstates-002.azure-apim.net/apim/sharepointonline"}},"method":"post","body":{"method":"GET","uri":"_api/Web/GetFileByServerRelativePath(decodedurl='@{variables('Settings')['TemplatePageRelativeUrl']}')/ListItemAllFields?$select=CanvasContent1","headers":{"Content-Type":"application/json;odata=verbose","Accept":"application/json;odata=verbose"}},"path":"/datasets/@{encodeURIComponent(encodeURIComponent(variables('Settings')['TemplateSiteUrl']))}/httprequest","authentication":"@parameters('$authentication')"}},"SetCanvasContent1":{"runAfter":{"GetCanvasContent1FromTemplate":["Succeeded"]},"type":"SetVariable","inputs":{"name":"CanvasContent1","value":"@{replace(replace(body('GetCanvasContent1FromTemplate')['d']['CanvasContent1'], '\"', '\\\"'),'\\&','\\\\&')}"},"description":"the result needs to replace double quote and \"/&\""},"AddModernPage":{"runAfter":{"SetCanvasContent1":["Succeeded"]},"metadata":{"flowSystemMetadata":{"swaggerOperationId":"HttpRequest"}},"type":"ApiConnection","inputs":{"host":{"connection":{"name":"@parameters('$connections')['shared_sharepointonline']['connectionId']"},"api":{"runtimeUrl":"https://unitedstates-002.azure-apim.net/apim/sharepointonline"}},"method":"post","body":{"method":"POST","uri":"_api/web/lists/getByTitle('Site Pages')/RootFolder/Files/AddTemplateFile(urlOfFile='@{variables('Settings')['NewHomePageRelativeUrl']}',templateFileType=3)","headers":{"Content-Type":"application/json;odata=verbose","Accept":"application/json;odata=verbose"}},"path":"/datasets/@{encodeURIComponent(encodeURIComponent(triggerBody()?['webUrl']))}/httprequest","authentication":"@parameters('$authentication')"}},"UpdateModernPageListItem":{"runAfter":{"AddModernPage":["Succeeded"]},"metadata":{"flowSystemMetadata":{"swaggerOperationId":"HttpRequest"}},"type":"ApiConnection","inputs":{"host":{"connection":{"name":"@parameters('$connections')['shared_sharepointonline']['connectionId']"},"api":{"runtimeUrl":"https://unitedstates-002.azure-apim.net/apim/sharepointonline"}},"method":"post","body":{"method":"POST","uri":"_api/Web/GetFileByServerRelativePath(decodedurl='@{variables('Settings')['NewHomePageRelativeUrl']}')/ListItemAllFields","headers":{"Content-Type":"application/json;odata=verbose","Accept":"application/json;odata=verbose","X-HTTP-Method":"MERGE","If-Match":"*"},"body":"{\n\"__metadata\":{\"type\": \"SP.Data.SitePagesItem\"},\n\t\"Title\": \"@{variables('Settings')['NewHomePageTitle']}\",\n\t\"ContentTypeId\": \"0x0101009D1CB255DA76424F860D91F20E6C4118\",\n\t\"ClientSideApplicationId\": \"b6917cb1-93a0-4b97-a84d-7cf49975d4ec\",\n\t\"PageLayoutType\": \"Home\",\n\t\"PromotedState\": \"0\",\n\t\"CanvasContent1\":\"@{variables('CanvasContent1')}\",\n\t\"BannerImageUrl\":{\n                    \"Description\": \"sitepagethumbnail.png\",\n                    \"Url\": \"/_layouts/15/images/sitepagethumbnail.png\"\n                }\n}"},"path":"/datasets/@{encodeURIComponent(encodeURIComponent(triggerBody()?['webUrl']))}/httprequest","authentication":"@parameters('$authentication')"}},"SetModernPageAsHomePage":{"runAfter":{"UpdateModernPageListItem":["Succeeded"]},"metadata":{"flowSystemMetadata":{"swaggerOperationId":"HttpRequest"}},"type":"ApiConnection","inputs":{"host":{"connection":{"name":"@parameters('$connections')['shared_sharepointonline']['connectionId']"},"api":{"runtimeUrl":"https://unitedstates-002.azure-apim.net/apim/sharepointonline"}},"method":"post","body":{"method":"PATCH","uri":"_api/web/RootFolder","headers":{"Content-Type":"application/json;odata=verbose","Accept":"application/json;odata=verbose"},"body":"{\n        \"__metadata\": {\n            \"type\": \"SP.Folder\"\n        },\n\t\"WelcomePage\": \"SitePages/@{variables('Settings')['NewHomePageTitle']}\"\n}"},"path":"/datasets/@{encodeURIComponent(encodeURIComponent(triggerBody()?['webUrl']))}/httprequest","authentication":"@parameters('$authentication')"}}},"runAfter":{"InitCanvasContent1":["Succeeded"]},"type":"Scope"}},"outputs":{}},"connectionReferences":{"shared_sharepointonline":{"connectionName":"shared-sharepointonl-6d33ddea-5c73-4487-92cc-08c7bdae0779","source":"Embedded","id":"/providers/Microsoft.PowerApps/apis/shared_sharepointonline","tier":"NotSpecified"},"shared_sharepointonline_1":{"connectionName":"2736da5d5b7e41f784f59d9df00bbfa8","source":"Embedded","id":"/providers/Microsoft.PowerApps/apis/shared_sharepointonline","tier":"NotSpecified"}},"flowFailureAlertSubscribed":false}}